{
	"credit": "Made with Blockbench",
	"textures": {
		"0": "quantum:item/geiger",
		"particle": "quantum:item/geiger"
	},
	"elements": [
		{
			"from": [4, 2, 7],
			"to": [12, 6, 9],
			"rotation": {"angle": 0, "axis": "y", "origin": [8, 2, 8]},
			"faces": {
				"north": {"uv": [0, 4, 8, 8], "texture": "#0"},
				"east": {"uv": [0, 10, 2, 14], "texture": "#0"},
				"south": {"uv": [0, 0, 8, 4], "texture": "#0"},
				"west": {"uv": [8, 6, 10, 10], "texture": "#0"},
				"up": {"uv": [8, 10, 0, 8], "rotation": 180, "texture": "#0"},
				"down": {"uv": [16, 0, 8, 2], "rotation": 180, "texture": "#0"}
			}
		},
		{
			"from": [10, 6, 7],
			"to": [11, 8, 9],
			"rotation": {"angle": 0, "axis": "y", "origin": [8, 2, 8]},
			"faces": {
				"north": {"uv": [6, 12, 7, 14], "texture": "#0"},
				"east": {"uv": [2, 11, 4, 13], "texture": "#0"},
				"south": {"uv": [12, 4, 13, 6], "texture": "#0"},
				"west": {"uv": [10, 8, 12, 10], "texture": "#0"},
				"up": {"uv": [8, 14, 7, 12], "rotation": 180, "texture": "#0"},
				"down": {"uv": [9, 12, 8, 14], "rotation": 180, "texture": "#0"}
			}
		},
		{
			"from": [5, 6, 7],
			"to": [6, 8, 9],
			"rotation": {"angle": 0, "axis": "y", "origin": [8, 2, 8]},
			"faces": {
				"north": {"uv": [12, 11, 13, 13], "texture": "#0"},
				"east": {"uv": [4, 12, 6, 14], "texture": "#0"},
				"south": {"uv": [11, 12, 12, 14], "texture": "#0"},
				"west": {"uv": [12, 2, 14, 4], "texture": "#0"},
				"up": {"uv": [3, 15, 2, 13], "rotation": 180, "texture": "#0"},
				"down": {"uv": [4, 13, 3, 15], "rotation": 180, "texture": "#0"}
			}
		},
		{
			"from": [6, 7, 7],
			"to": [10, 8, 9],
			"rotation": {"angle": 0, "axis": "y", "origin": [8, 2, 8]},
			"faces": {
				"north": {"uv": [8, 11, 12, 12], "texture": "#0"},
				"east": {"uv": [9, 12, 11, 13], "texture": "#0"},
				"south": {"uv": [4, 11, 8, 12], "texture": "#0"},
				"west": {"uv": [12, 8, 14, 9], "texture": "#0"},
				"up": {"uv": [12, 4, 8, 2], "rotation": 180, "texture": "#0"},
				"down": {"uv": [12, 4, 8, 6], "rotation": 180, "texture": "#0"}
			}
		},
		{
			"from": [5, 0, 7.5],
			"to": [11, 1, 8.5],
			"rotation": {"angle": 0, "axis": "y", "origin": [8, 2, 8]},
			"faces": {
				"north": {"uv": [10, 6, 16, 7], "texture": "#0"},
				"east": {"uv": [13, 13, 14, 14], "texture": "#0"},
				"south": {"uv": [2, 10, 8, 11], "texture": "#0"},
				"west": {"uv": [12, 13, 13, 14], "texture": "#0"},
				"up": {"uv": [16, 8, 10, 7], "rotation": 180, "texture": "#0"},
				"down": {"uv": [14, 10, 8, 11], "rotation": 180, "texture": "#0"}
			}
		},
		{
			"from": [4, 0, 7.5],
			"to": [5, 2, 8.5],
			"rotation": {"angle": 0, "axis": "y", "origin": [8, 2, 8]},
			"faces": {
				"north": {"uv": [10, 13, 11, 15], "texture": "#0"},
				"east": {"uv": [13, 11, 14, 13], "texture": "#0"},
				"south": {"uv": [13, 4, 14, 6], "texture": "#0"},
				"west": {"uv": [9, 13, 10, 15], "texture": "#0"},
				"up": {"uv": [13, 10, 12, 9], "rotation": 180, "texture": "#0"},
				"down": {"uv": [14, 9, 13, 10], "rotation": 180, "texture": "#0"}
			}
		}
	],
	"display": {
		"thirdperson_righthand": {
			"translation": [0, 7.25, 0]
		},
		"thirdperson_lefthand": {
			"translation": [-1.25, 7.25, 0]
		},
		"firstperson_righthand": {
			"rotation": [-37, 0, 0],
			"translation": [-4, 8.5, 0]
		},
		"firstperson_lefthand": {
			"rotation": [-16, 0, 0],
			"translation": [-1.25, 7.75, 0]
		},
		"ground": {
			"translation": [0, 5.5, 0]
		},
		"gui": {
			"rotation": [26.5, 32, 0],
			"translation": [0, 3.75, 0],
			"scale": [1.2, 1.2, 1.2]
		},
		"fixed": {
			"rotation": [0, -180, 0],
			"translation": [0, 4.75, 0]
		}
	},
	"groups": [
		{
			"name": "group",
			"origin": [0, 0, 0],
			"color": 0,
			"children": [0, 1, 2, 3, 4, 5]
		}
	]
}