{
	"credit": "Made with Blockbench",
	"texture_size": [64, 64],
	"textures": {
		"1": "quantum:block/radiation",
		"2": "quantum:block/waste_shell",
		"particle": "quantum:block/waste_shell"
	},
	"elements": [
		{
			"from": [1, 2, 1],
			"to": [15, 15, 15],
			"faces": {
				"north": {"uv": [0, 0, 3, 3], "texture": "#1"},
				"east": {"uv": [0, 3, 3, 6], "texture": "#1"},
				"south": {"uv": [3, 0, 6, 3], "texture": "#1"},
				"west": {"uv": [3, 3, 6, 6], "texture": "#1"},
				"up": {"uv": [3, 9, 0, 6], "texture": "#1"},
				"down": {"uv": [9, 0, 6, 3], "texture": "#1"}
			}
		},
		{
			"from": [3, 0, 0],
			"to": [16, 15, 1],
			"faces": {
				"north": {"uv": [4, 0, 7.25, 3.75], "texture": "#2"},
				"east": {"uv": [6.5, 10.75, 6.75, 14.5], "texture": "#2"},
				"south": {"uv": [4, 3.75, 7.25, 7.5], "texture": "#2"},
				"west": {"uv": [11.5, 5, 11.75, 8.75], "texture": "#2"},
				"up": {"uv": [15.5, 1, 12.25, 0.75], "texture": "#2"},
				"down": {"uv": [15.5, 1, 12.25, 1.25], "texture": "#2"}
			}
		},
		{
			"from": [0, 0, 0],
			"to": [3, 14, 1],
			"faces": {
				"north": {"uv": [10.25, 10.25, 11, 13.75], "texture": "#2"},
				"east": {"uv": [11.25, 11.5, 11.5, 15], "texture": "#2"},
				"south": {"uv": [10.5, 0, 11.25, 3.5], "texture": "#2"},
				"west": {"uv": [11.75, 0, 12, 3.5], "texture": "#2"},
				"up": {"uv": [13.75, 6, 13, 5.75], "texture": "#2"},
				"down": {"uv": [13.75, 6, 13, 6.25], "texture": "#2"}
			}
		},
		{
			"from": [0, 0, 15],
			"to": [13, 15, 16],
			"faces": {
				"north": {"uv": [0, 7, 3.25, 10.75], "texture": "#2"},
				"east": {"uv": [11.5, 8.75, 11.75, 12.5], "texture": "#2"},
				"south": {"uv": [7.25, 0, 10.5, 3.75], "texture": "#2"},
				"west": {"uv": [11, 11.5, 11.25, 15.25], "texture": "#2"},
				"up": {"uv": [15.5, 1.5, 12.25, 1.25], "texture": "#2"},
				"down": {"uv": [15.5, 1.5, 12.25, 1.75], "texture": "#2"}
			}
		},
		{
			"from": [13, 0, 15],
			"to": [16, 14, 16],
			"faces": {
				"north": {"uv": [0, 10.75, 0.75, 14.25], "texture": "#2"},
				"east": {"uv": [12, 8.5, 12.25, 12], "texture": "#2"},
				"south": {"uv": [0.75, 10.75, 1.5, 14.25], "texture": "#2"},
				"west": {"uv": [11.75, 12, 12, 15.5], "texture": "#2"},
				"up": {"uv": [13.75, 6.5, 13, 6.25], "texture": "#2"},
				"down": {"uv": [13.75, 6.5, 13, 6.75], "texture": "#2"}
			}
		},
		{
			"from": [0, 0, 1],
			"to": [16, 2, 15],
			"faces": {
				"north": {"uv": [1.5, 10.75, 5.5, 11.25], "texture": "#2"},
				"east": {"uv": [10.75, 4, 14.25, 4.5], "texture": "#2"},
				"south": {"uv": [10.75, 3.5, 14.75, 4], "texture": "#2"},
				"west": {"uv": [10.75, 4.5, 14.25, 5], "texture": "#2"},
				"up": {"uv": [4, 3.5, 0, 0], "texture": "#2"},
				"down": {"uv": [4, 3.5, 0, 7], "texture": "#2"}
			}
		},
		{
			"from": [14, 15, 0],
			"to": [16, 16, 13],
			"faces": {
				"north": {"uv": [13.25, 1.75, 13.75, 2], "texture": "#2"},
				"east": {"uv": [12, 12, 15.25, 12.25], "texture": "#2"},
				"south": {"uv": [13.25, 2, 13.75, 2.25], "texture": "#2"},
				"west": {"uv": [12.25, 0, 15.5, 0.25], "texture": "#2"},
				"up": {"uv": [11.25, 8.25, 10.75, 5], "texture": "#2"},
				"down": {"uv": [6, 10.75, 5.5, 14], "texture": "#2"}
			}
		},
		{
			"from": [12, 15, 0],
			"to": [14, 16, 11.25],
			"faces": {
				"north": {"uv": [13, 11, 13.5, 11.25], "texture": "#2"},
				"east": {"uv": [12.25, 3.25, 15, 3.5], "texture": "#2"},
				"south": {"uv": [12.75, 13, 13.25, 13.25], "texture": "#2"},
				"west": {"uv": [12.25, 11.5, 15, 11.75], "texture": "#2"},
				"up": {"uv": [7.25, 10.25, 6.75, 7.5], "texture": "#2"},
				"down": {"uv": [11.75, 0, 11.25, 2.75], "texture": "#2"}
			}
		},
		{
			"from": [10, 15, 0],
			"to": [12, 16, 10],
			"faces": {
				"north": {"uv": [13, 10.5, 13.5, 10.75], "texture": "#2"},
				"east": {"uv": [12.25, 11.75, 14.75, 12], "texture": "#2"},
				"south": {"uv": [13, 10.75, 13.5, 11], "texture": "#2"},
				"west": {"uv": [12.5, 7.5, 15, 7.75], "texture": "#2"},
				"up": {"uv": [2, 13.75, 1.5, 11.25], "texture": "#2"},
				"down": {"uv": [2.5, 11.25, 2, 13.75], "texture": "#2"}
			}
		},
		{
			"from": [8, 15, 0],
			"to": [10, 16, 7.5],
			"faces": {
				"north": {"uv": [13, 9.5, 13.5, 9.75], "texture": "#2"},
				"east": {"uv": [12.5, 8.25, 14.5, 8.5], "texture": "#2"},
				"south": {"uv": [13, 9.75, 13.5, 10], "texture": "#2"},
				"west": {"uv": [12.5, 8.5, 14.5, 8.75], "texture": "#2"},
				"up": {"uv": [4, 13.25, 3.5, 11.25], "texture": "#2"},
				"down": {"uv": [4.5, 11.25, 4, 13.25], "texture": "#2"}
			}
		},
		{
			"from": [6, 15, 0],
			"to": [8, 16, 5],
			"faces": {
				"north": {"uv": [13, 7.25, 13.5, 7.5], "texture": "#2"},
				"east": {"uv": [12.5, 11.25, 13.75, 11.5], "texture": "#2"},
				"south": {"uv": [13, 9.25, 13.5, 9.5], "texture": "#2"},
				"west": {"uv": [12.75, 3, 14, 3.25], "texture": "#2"},
				"up": {"uv": [13, 6.25, 12.5, 5], "texture": "#2"},
				"down": {"uv": [13, 6.25, 12.5, 7.5], "texture": "#2"}
			}
		},
		{
			"from": [0, 15, 3],
			"to": [2, 16, 16],
			"faces": {
				"north": {"uv": [13.5, 2.5, 14, 2.75], "texture": "#2"},
				"east": {"uv": [12.25, 0.25, 15.5, 0.5], "texture": "#2"},
				"south": {"uv": [13.5, 2.75, 14, 3], "texture": "#2"},
				"west": {"uv": [12.25, 0.5, 15.5, 0.75], "texture": "#2"},
				"up": {"uv": [6.5, 14, 6, 10.75], "texture": "#2"},
				"down": {"uv": [11.5, 8.25, 11, 11.5], "texture": "#2"}
			}
		},
		{
			"from": [2, 15, 6],
			"to": [4, 16, 16],
			"faces": {
				"north": {"uv": [3.5, 13.5, 4, 13.75], "texture": "#2"},
				"east": {"uv": [12.5, 7.75, 15, 8], "texture": "#2"},
				"south": {"uv": [4, 13.5, 4.5, 13.75], "texture": "#2"},
				"west": {"uv": [12.5, 8, 15, 8.25], "texture": "#2"},
				"up": {"uv": [3, 13.75, 2.5, 11.25], "texture": "#2"},
				"down": {"uv": [3.5, 11.25, 3, 13.75], "texture": "#2"}
			}
		},
		{
			"from": [4, 15, 8],
			"to": [6, 16, 16],
			"faces": {
				"north": {"uv": [13.25, 2.25, 13.75, 2.5], "texture": "#2"},
				"east": {"uv": [12.5, 8.75, 14.5, 9], "texture": "#2"},
				"south": {"uv": [3.5, 13.25, 4, 13.5], "texture": "#2"},
				"west": {"uv": [12.5, 9, 14.5, 9.25], "texture": "#2"},
				"up": {"uv": [5, 13.25, 4.5, 11.25], "texture": "#2"},
				"down": {"uv": [5.5, 11.25, 5, 13.25], "texture": "#2"}
			}
		},
		{
			"from": [6, 15, 10],
			"to": [8, 16, 16],
			"faces": {
				"north": {"uv": [4, 13.25, 4.5, 13.5], "texture": "#2"},
				"east": {"uv": [12.5, 10, 14, 10.25], "texture": "#2"},
				"south": {"uv": [4.5, 13.25, 5, 13.5], "texture": "#2"},
				"west": {"uv": [12.5, 10.25, 14, 10.5], "texture": "#2"},
				"up": {"uv": [12.75, 3.25, 12.25, 1.75], "texture": "#2"},
				"down": {"uv": [12.75, 12.25, 12.25, 13.75], "texture": "#2"}
			}
		},
		{
			"from": [8, 15, 12.75],
			"to": [10, 16, 16],
			"faces": {
				"north": {"uv": [5, 13.25, 5.5, 13.5], "texture": "#2"},
				"east": {"uv": [12.75, 12.75, 13.5, 13], "texture": "#2"},
				"south": {"uv": [12.75, 13.25, 13.25, 13.5], "texture": "#2"},
				"west": {"uv": [13, 5, 13.75, 5.25], "texture": "#2"},
				"up": {"uv": [13, 11.25, 12.5, 10.5], "texture": "#2"},
				"down": {"uv": [13.25, 1.75, 12.75, 2.5], "texture": "#2"}
			}
		},
		{
			"from": [10, 15, 14],
			"to": [13, 16, 16],
			"faces": {
				"north": {"uv": [13, 5.25, 13.75, 5.5], "texture": "#2"},
				"east": {"uv": [13.25, 13, 13.75, 13.25], "texture": "#2"},
				"south": {"uv": [13, 5.5, 13.75, 5.75], "texture": "#2"},
				"west": {"uv": [13.25, 13.25, 13.75, 13.5], "texture": "#2"},
				"up": {"uv": [4, 7.5, 3.25, 7], "texture": "#2"},
				"down": {"uv": [13.5, 2.5, 12.75, 3], "texture": "#2"}
			}
		},
		{
			"from": [4, 15, 0],
			"to": [6, 16, 3.25],
			"faces": {
				"north": {"uv": [13, 6.75, 13.5, 7], "texture": "#2"},
				"east": {"uv": [12.75, 12.25, 13.5, 12.5], "texture": "#2"},
				"south": {"uv": [13, 7, 13.5, 7.25], "texture": "#2"},
				"west": {"uv": [12.75, 12.5, 13.5, 12.75], "texture": "#2"},
				"up": {"uv": [11.75, 3.5, 11.25, 2.75], "texture": "#2"},
				"down": {"uv": [13, 9.25, 12.5, 10], "texture": "#2"}
			}
		},
		{
			"from": [15, 2, 1],
			"to": [16, 15, 15],
			"faces": {
				"north": {"uv": [12.25, 8.25, 12.5, 11.5], "texture": "#2"},
				"east": {"uv": [3.25, 7.5, 6.75, 10.75], "texture": "#2"},
				"south": {"uv": [12, 12.25, 12.25, 15.5], "texture": "#2"},
				"west": {"uv": [6.75, 10.25, 10.25, 13.5], "texture": "#2"},
				"up": {"uv": [12.25, 3.5, 12, 0], "texture": "#2"},
				"down": {"uv": [12.25, 5, 12, 8.5], "texture": "#2"}
			}
		},
		{
			"from": [0, 2, 1],
			"to": [1, 15, 7],
			"faces": {
				"north": {"uv": [11.25, 5, 11.5, 8.25], "texture": "#2"},
				"east": {"uv": [7.25, 3.75, 10.75, 7], "texture": "#2"},
				"south": {"uv": [12.25, 5, 12.5, 8.25], "texture": "#2"},
				"west": {"uv": [7.25, 7, 8.75, 10.25], "texture": "#2"},
				"up": {"uv": [12, 8.5, 11.75, 5], "texture": "#2"},
				"down": {"uv": [12, 8.5, 11.75, 12], "texture": "#2"}
			}
		},
		{
			"from": [0, 2, 9],
			"to": [1, 15, 15],
			"faces": {
				"north": {"uv": [11.25, 5, 11.5, 8.25], "texture": "#2"},
				"east": {"uv": [7.25, 3.75, 10.75, 7], "texture": "#2"},
				"south": {"uv": [12.25, 5, 12.5, 8.25], "texture": "#2"},
				"west": {"uv": [7.25, 3.75, 8.75, 7], "texture": "#2"},
				"up": {"uv": [12, 8.5, 11.75, 5], "texture": "#2"},
				"down": {"uv": [12, 8.5, 11.75, 12], "texture": "#2"}
			}
		},
		{
			"from": [0, 2, 7],
			"to": [1, 4, 9],
			"faces": {
				"north": {"uv": [7.5, 5.25, 7.25, 5.75], "texture": "#2"},
				"east": {"uv": [7.25, 5.25, 7.5, 5.5], "texture": "#2"},
				"south": {"uv": [7.5, 5.25, 7.25, 5.75], "texture": "#2"},
				"west": {"uv": [5, 3.5, 5.5, 4], "texture": "#2"},
				"up": {"uv": [7.25, 6, 7.5, 6.5], "texture": "#2"},
				"down": {"uv": [7.25, 6.25, 7.5, 6.5], "texture": "#2"}
			}
		},
		{
			"from": [0, 12, 7],
			"to": [1, 15, 9],
			"faces": {
				"north": {"uv": [7.5, 5.25, 7.25, 5.75], "rotation": 180, "texture": "#2"},
				"east": {"uv": [7.25, 5.25, 7.5, 5.5], "rotation": 180, "texture": "#2"},
				"south": {"uv": [7.5, 5.25, 7.25, 5.75], "rotation": 180, "texture": "#2"},
				"west": {"uv": [5, 3.5, 5.5, 4.25], "rotation": 180, "texture": "#2"},
				"up": {"uv": [7.25, 6.25, 7.5, 6.5], "texture": "#2"},
				"down": {"uv": [7.25, 6, 7.5, 6.5], "texture": "#2"}
			}
		},
		{
			"from": [0, 4, 7],
			"to": [1, 6, 8],
			"faces": {
				"north": {"uv": [5.5, 3.5, 5.75, 4], "texture": "#2"},
				"east": {"uv": [5.5, 3.5, 5.75, 4], "texture": "#2"},
				"south": {"uv": [5.5, 3.5, 5.75, 4], "texture": "#2"},
				"west": {"uv": [5.5, 3.5, 5.75, 4], "texture": "#2"},
				"up": {"uv": [5.75, 3.5, 5.5, 4], "texture": "#2"},
				"down": {"uv": [5.75, 3.5, 5.5, 4], "texture": "#2"}
			}
		},
		{
			"from": [0, 10, 8],
			"to": [1, 12, 9],
			"faces": {
				"north": {"uv": [5.5, 3.5, 5.75, 4], "texture": "#2"},
				"east": {"uv": [5.5, 3.5, 5.75, 4], "texture": "#2"},
				"south": {"uv": [5.5, 3.5, 5.75, 4], "texture": "#2"},
				"west": {"uv": [5.5, 3.5, 5.75, 4], "texture": "#2"},
				"up": {"uv": [5.75, 3.5, 5.5, 4], "texture": "#2"},
				"down": {"uv": [5.75, 3.5, 5.5, 4], "texture": "#2"}
			}
		}
	],
	"display": {
		"thirdperson_righthand": {
			"translation": [-1.25, 2, 0],
			"scale": [0.3, 0.3, 0.3]
		},
		"thirdperson_lefthand": {
			"translation": [-1.5, 1.25, 0],
			"scale": [0.3, 0.3, 0.3]
		},
		"firstperson_righthand": {
			"rotation": [-0.25, 0, 0],
			"scale": [0.3, 0.3, 0.3]
		},
		"firstperson_lefthand": {
			"rotation": [7.5, 0, 0],
			"scale": [0.3, 0.3, 0.3]
		},
		"ground": {
			"scale": [0.4, 0.4, 0.4]
		},
		"gui": {
			"rotation": [45.88, 18.18, -17.85],
			"scale": [0.6, 0.6, 0.6]
		},
		"fixed": {
			"rotation": [-65.34, 9.34, 19.48],
			"translation": [0, 0, 0.25],
			"scale": [0.5, 0.5, 0.5]
		}
	}
}